name,ground_truth,dataset
002ce0d28ec990aadbbc89df457189de37d8adaadc9c084b78eb7be9a9820c81,1,DikeDataset
00eea85752664955047caad7d6280bc7bf1ab91c61eb9a2542c26b747a12e963,1,DikeDataset
04c3fad7c843c2155a69e4a54fcc18324d1b4d366a0868550af02dfdd9186366,1,DikeDataset
04ffb8d60a17d6405a9408e73e9cabcdaf5e396f7c4784874dc49c353e97315b,1,DikeDataset
05c73c13c3635fab5c7daa5bcae4ea3a21ec0bd620291762cd13c03cd786b438,1,DikeDataset
08bf892562a748f1582b00283d8f15ec6f9a2f252c7ba95c2b55fbc60abfbd49,1,DikeDataset
0a464a3765ffc0c23cf47345bf1185426af8e6b5711e015ca18027afcac2f2e0,1,DikeDataset
0a8deb24eef193e13c691190758c349776eab1cd65fba7b5dae77c7ee9fcc906,1,DikeDataset
0b65c9b63092c96fc737ef39a1f05e437d5bbe57f0ca2bc634a14a34a92ebcb4,1,DikeDataset
0b832ebbd0d324e28292d883ad532fd64a344c82360cf7fa052b4028559b4427,1,DikeDataset
0be00b72a65e558aa92a4f197663f3496b2a3ceaa5f77bafe309727141ad77af,1,DikeDataset
0bf9cfc88d56b52982655b56d577f69d2ee4b136908684015001c52c64f0a84b,1,DikeDataset
0c1134c20c7f2a20eeda30f998c5e70336e56fa1fde05434028d97f3eeb31c33,1,DikeDataset
0c8af4bbf3e29c4ab7dd8372725a931985b669d15b82615ab05838ed348bf558,1,DikeDataset
0c9baed0badb2431a9b173609d3990ccbba7cba4455ba0e8ebe6267d8b4ae3ef,1,DikeDataset
0d23b6f46e848a65911518e6658488070a7462cd605cfc3737a6bb1ef71cceac,1,DikeDataset
0d8d47b0b0bf9291e01f426782ba721d5be30ea9b2547f315c7ca48c367b2aa9,1,DikeDataset
0db49b91804cdc30b301e0cb42ac19b1db4d13467bbd66444abfcdac2da4f6b6,1,DikeDataset
0dfd9b9733913d7e1fc1ca19798b9ed57c2d4138ae5fa1ad9c6e12f1dee7062c,1,DikeDataset
0e3de1806def011049d011b07a3a012cecce53cac8ff49f52ecf6db96aa0dcdc,1,DikeDataset
0e69c9e8e2447ea2c355e3daa30c1697427fe40748a0daabf2d996ab254e89cf,1,DikeDataset
0e73886d15f788471581cbf3864703206fd96eb79e4683ffa332463507fdcda4,1,DikeDataset
0fbcedf08d9e262137afba702687b2de15822149e4a282b9249907134e5ef151,1,DikeDataset
0fbe33fb688bc8b21db405ffc08f696f5eea215264952fb41027be527da384e7,1,DikeDataset
0fe87602f6f2a6dd5acf209eea81ec0555fe1e02d6f781299724238b4cb2e2c1,1,DikeDataset
0ff0a7429ebd5f19eac9fef4504d12c2b2b66a2b060de1c25d6e8fd08262f6d9,1,DikeDataset
1a6955d26907b3c83f10ede259494ff2d68ab210e1090cb6806e05d1dca36869,1,DikeDataset
1a6b0ccc16974c3edd98687ece68beb45b75b8684719e764fd16b3c296acef39,1,DikeDataset
1aa177b92c99b9458b270907d65d5687af48385fbbf42c3aef9b69d61d284721,1,DikeDataset
1accf6605bf18e60fb0bf11087a21417eddfb26e16d396dbca7658ec4d6e7c88,1,DikeDataset
1b399f61e57266427a5fceb4f3df6a337304832e24579c43385b59cfd660e068,1,DikeDataset
1b67441f080adf23da22736c557813d3bb459c915a1b84d8253b8e9599df2708,1,DikeDataset
1b8342c0048e13b323224c48caa9aec2952f3a93ed732c85f160916475910675,1,DikeDataset
1c2fba06cc7e47dceb2a2670f6fcfbec90a24d053b9bb3715698202afdb03b97,1,DikeDataset
1c344888c75ef573d259b23a96f8e1869094ebab109ede37cb6a9d0cdc8d186e,1,DikeDataset
1c639fbba837b57f28691e7f210a034dd1b55380a13649a64e47be55bb8308a0,1,DikeDataset
1c7c07802af60cddfbe62ce037135297417517f3751729bd02ce65d50f4e715d,1,DikeDataset
1d083467cb9fbd7d2b21fcd4f8f9cb0c36718d0a327052313f46a2a83bd715e2,1,DikeDataset
1d2b8e3bbfcd7546b402c2f379e40d850fd4eceaf20c45fdbfcba0b859e0a7fb,1,DikeDataset
1d2d450742e4ed4fb8486fd7e3892828dd97bbf63f0e23b0975725bdc18ce766,1,DikeDataset
1d720ca43b54420dc297a0c40a4541017feb6bdc10765197867818d1810d21bf,1,DikeDataset
1d9284fd7818d17f4aa4d07b6497735ed8522f9925b348a3fa5ba96a976a5927,1,DikeDataset
1e171264f1310680b03bb9122633db660378bc411b28ae25c2bfab9f0f06da51,1,DikeDataset
1e83c1a2f6f2b7080c7fefccff1fde4bb14aa8a57e851817c92a6f1c946ca17a,1,DikeDataset
1f49ba3bc8f2f78a2d683c02b34023b61b3bf3464fc15b629dd30b184e49306b,1,DikeDataset
1f7a2d419df3b95ade7f400446abeefaf3c872e8e6033a7e6ac413b17addbaf4,1,DikeDataset
1f81d3b756ec1430f476a5ae7af7b360b4acd923d4baceb91be49ab6515459fc,1,DikeDataset
1fa3bb9680b457aa11bfed328171172a477813b281f78b43243f9dc3c6afdeba,1,DikeDataset
1fcbe5d51360bee55f55c791a95df8c61f73e117bda89b9439d74df5cee7aa71,1,DikeDataset
1fe78298f8fa9d9da3fab32c57975101ea3ff5dcebeedc2cde5bea6c8df9a7ef,1,DikeDataset
2a053f32b1d48539e3e2807f86754be87ce95b08378467e66cab2bac0e67a825,1,DikeDataset
2a1c7574a5c42eb8c9348d9dba505ce49f2c88231d7ea6edd3715a39a5decd94,1,DikeDataset
2a1d8692f445791dc9dc9700e11f2ce68fce9ac5ad2abd56aa0f41f1047b38f1,1,DikeDataset
2a922ebe7edb08480baa1721ce1b5185fb5af7f64ec0f128d6a7a37711784815,1,DikeDataset
2acf8f6f068976f75dd70e6195f8a94c3e623a0137c99d78f9055a5dbbbf75bf,1,DikeDataset
2adbc2a2227756286fb140ca5877a00cee7fedc0d4ae3af098d9b2530c3648f8,1,DikeDataset
2b672dd0e086dd4196087712ba0e34af205f518231545646c81d01411fe9bda8,1,DikeDataset
2b70c56855937a6f0ff82113f8d934641ad9e829b976a4435c805f42b349bdd0,1,DikeDataset
2c0537b91ea3df61f7dd353ecf98d80201f2276c1e9c6135b031b0f4cb14e163,1,DikeDataset
2c1049909ea2288527d4ed08001c8056f4bf9c38336a6a2955c33e8de95e9973,1,DikeDataset
2c8b6b0497ac12ab7641342e07eca16b661b31e81444798799d4b186306a9a77,1,DikeDataset
2d09798210455d443e62351b7b9f02fe7412930623a6bcf6b009c94da3f0fb94,1,DikeDataset
2d901bf0cb31995d596329a8406471c6e82671811c0d16255cfa02154e6dd90b,1,DikeDataset
2d9861d0185e05d493c8d5bbae368263f15c0fa66fc7e70c9eae8bba1b43be26,1,DikeDataset
2db10930c59a7e3cc26be1e8bae834a875221072f9571ccd1d8e3fd6b9a1b52e,1,DikeDataset
2de6f802400d6673a5a6e175ee47b2537950f70e847041b9bbd27b5931cc1637,1,DikeDataset
2debeb3bd8ee05e342aec360134d65f6f3e637145ebc001f243e21e58d8503f2,1,DikeDataset
2df7b0d6ed9d2ad1dba3a9ba6b4d44bc4d7667b25b78b02b81cb0fa5b04fb9dd,1,DikeDataset
2e2a40d004346e95cdb0a91dcd881be1f2ee6d9eef16f239c40f6b4e2383c656,1,DikeDataset
2e7b459f7c57f287f59f382f5d37d29b4c7889c82ea012bf3837b0b732de3c49,1,DikeDataset
2edf7c8fd59cd5fcd19fa528f60cbd6ddb9a8076ae0280b11d8ea8eaf7d39958,1,DikeDataset
2f031a1752f7067fb9f483ae0ac5f3036c9b66cc4af40e6ae609c0aba7c886d0,1,DikeDataset
2f319ab076f8694f6966beb2a353d98688438d4dbb44f5b669cf562409437b47,1,DikeDataset
3a001b8c4d0e52362bba32d326158c4fbdbf48cefd49e5b1ac23d77bca98093f,1,DikeDataset
3a26e84b22e7665a55f0857da23a05e3ef3ed430242b6f7635909981cdbeba94,1,DikeDataset
3a44fa455ada6aede5098355efc22825ac336a3faa18d7695054fcf3a7bbffc0,1,DikeDataset
3aeec86e232b09526dc62362f3d37c010bdb962eb31e5a18f2e781aa25423033,1,DikeDataset
3b120c2b06afd93fc3c84a98c497afff4d93e64168ad809498f86568600b38f3,1,DikeDataset
3b812075fee45f45ae2d9801c25eb4cadef412b703a1df9c29060bad61fbb039,1,DikeDataset
3bc5906d625e95dfb4744c2baa1e1a5d1b3f73ee663cc149f02ef7eaf23986c0,1,DikeDataset
3be77cde3fe49040e294b6e4b4fceb284fcfb65279fcdcad9dc087d2d4406058,1,DikeDataset
3ca96b622f4af8cfdf1d65b9c1c2ee118bc924753ad95d3376b97c6f08153a54,1,DikeDataset
3ccc132059602cbf7dc3acf61a7f83d443a8379a784cc660575858bdb455e6cc,1,DikeDataset
3cccf40d984007ee8b64fdb0216efa50e850306531dd3f4ac7710a6dc155351b,1,DikeDataset
3ce6f5e9aee5a3f921d1a21144ae5b7b557dbfc7999f282adcc2fc522fc787bb,1,DikeDataset
3cefaa966d5e204fe6601160e7ba4d27910437bd1e83b8e0e9f2c4c3de210227,1,DikeDataset
3d1ac5f16b486805bfea6e9152cc60251b7e8f4a8580187afef978347e523f46,1,DikeDataset
3d8b868359f623a9441e336d32c360352bf819114052599d3c85ab69e60d1de9,1,DikeDataset
3df47f4ebe158f4394bd3e0c2052262e92192998c0637c259629b8e75fe85203,1,DikeDataset
3e71f762320a9af8159d51e374a64ebd4916a92e3de3be8dc1e22d86410982c5,1,DikeDataset
3e917376199b13523dfb4fcc445583d9df0606ad0a6a02b111d8a3ee6b71e117,1,DikeDataset
3e95000db27b940bd46d62b8117ea9f3bd4ea9ee203fc54d1244deb429e6785f,1,DikeDataset
3f1bfc4be00fa0c07778a986e81bf21453ba45f76fecd261d7e88e7db76a15a1,1,DikeDataset
3f3fe9ecad7f30fc80cdfb678d7ca27a30d0575a73818746e98be9170d3be348,1,DikeDataset
3fb239d7ac7719328c58a1eb3ce2abd900949b6f6e5d5db4f95852325bf67473,1,DikeDataset
4a36f7ca6692cc55714e1c22ddae1a9ab19227db467c064922b9bdb78859ab02,1,DikeDataset
4a43f1eef4605f99278e609a8d372bc2386fb8f63ba6999e3ff5c3b80142a6f9,1,DikeDataset
4a495b476cc33e6be712a77184626725ec10e3f31b89d3c53010bd620bcd0cbb,1,DikeDataset
4ac565360c199789ecfe2405a2093a8060e6c2a3478409be627aa7cba6f48951,1,DikeDataset
4af3efae81865be6f458e37dfe10e31617f2151b51df89cb699aaf6ee06507d1,1,DikeDataset
4b4b883c0dc34f9d796e32532c3197090d09a4ac5094989a870e0370a8bd76d0,1,DikeDataset
4b86fc33172d0d3081164379dbbca8333f5f3eb6c75c7c82281332fdabb5ef8d,1,DikeDataset
4bbd4db544dc9fc6600c983bba42b07f3e9ada5501f2ec0d011c04c065f3eb41,1,DikeDataset
4c33d7c85ae6b19144edea55df4663fb476aaf102d86d812e624f22ae9c81213,1,DikeDataset
4c5a4bfbd6de5221c044b95c96fabc094fd854508471f9d7cb3890853ea318c3,1,DikeDataset
4c6107c9c786e2de5eadd721580372f6028d66daa3d4d2ed9489106ac6d1560e,1,DikeDataset
4c77b3ecfe7ff1be8b05f7bc58d2360531c67997c3fae399f6f24132cb05065a,1,DikeDataset
4cde1735b0bd09f0ad3ca84856ac023f212bc5732dcb19f8ccb1aacb0f75bb61,1,DikeDataset
4d42711b63f90ff9af3d6c8e4edb3ff08cab6fe5131d9a43f4d10d1ca51f7378,1,DikeDataset
4d9c8986794f31912c44836959dd291fb22d21f12e0103a535cff6e7325a59e7,1,DikeDataset
4dde54cfc600dbd9a610645d197a632e064115ffaa3a1b595c3a23036e501678,1,DikeDataset
4df54b01e012216c2c376c7f4a2bee56c0dfead5bd9324e69d774274151c9a1c,1,DikeDataset
4e3b3bf5ee097fdbf0b595a37261eb70683a3c59e15e6aa616e313a7134a48ea,1,DikeDataset
4e526c15684a2c7e327d1a5e54d0fc3d227bd6fd790cc5f495111a09c0bf74de,1,DikeDataset
4e5aac1267b4dd6d72ba7903928e3101fe0088af21611cfe6ebae5919ada75ce,1,DikeDataset
4e9a86ffd569063308627ebeb576acdcdbf76b03c68aac783c0ff64eed7354bd,1,DikeDataset
4ea275757f53c5793c27078748cc15c076565b121f3dfdb12db93981ea76ed24,1,DikeDataset
4ea6fb35bfa0deace0e149557d73a99ee858029e33bbbcaf5cdf5aefb21ffb80,1,DikeDataset
4ec1e44407cc7874b875e2850962e0583a97486b29578cdd4bcc21d7e1d76004,1,DikeDataset
4eca420c432726b177f36ef2e26165cd97c690c872cb5f3f19415cb7473e8ada,1,DikeDataset
4ef9eb58224457492f674fb550761cd13b7e6031186b801577194a05719d4f43,1,DikeDataset
4efd6c2d5692fd45ca167fce0b8a07f87e89862a6b4e2f04ae49d4113539440f,1,DikeDataset
4f6b4aee23bbfae817a548ef9d8697c721107bec33b303b22ebea36fd65c663a,1,DikeDataset
5a071e20a23c845332e288fe02f2601518c8f1c1de1871d24a0530b09841157f,1,DikeDataset
5a0f4fa2c578675590ac317e392f78abfc19577a7f8c964e708a1ad436e58a37,1,DikeDataset
5a63c01f80e137c588117dec2a9ae121d27b8a57ec40ab77e7e5a94a75be2db2,1,DikeDataset
5a696ece3992cce14c8770ae03b42ddd2a183b53e62a6808593236dbb71b6d15,1,DikeDataset
5b231372f1e52b49526215deebcfc997b9dd74d77cc35d9cf78590480e51b1a0,1,DikeDataset
5b3bb26ce3cc45e3f9317075e2018d429ca2d0203bd6c41eda16da34bc0b8ccd,1,DikeDataset
5c1af46c7300e87a73dacf6cf41ce397e3f05df6bd9c7e227b4ac59f85769160,1,DikeDataset
5d2496409bc45e1e74efbc0c0802af37b26f077beb91ae8ed55ffb0cfe4bdc79,1,DikeDataset
5d2e1c132051f3b80a0e39b5d4efe255c1e339614d2861b1e017ff1574610dac,1,DikeDataset
5d62d79f6555d7a7edaf3b175312b326df779f9ae8c893e2182e4159f44c9d34,1,DikeDataset
5dcf031a4bed052dda60d8229b23a9db53b012868f1012438d40032835ac34d7,1,DikeDataset
5dd566d349a0718dcc514094de7384c369f66cb593fdcc395d1df0248d59848f,1,DikeDataset
5ddb5815973d58798ba373011bf5a5903bfd9b270c4b648032aa7d19153a8f56,1,DikeDataset
5e2f6ccab90816da98344ffa18c6e0893aba6bff018e6893fae38b126306b283,1,DikeDataset
5e3f8b7e643865d49cd9494de2b6fe96b46f9644b034e1f78857ea12a2b10a0c,1,DikeDataset
5e405415dc1a7d3c56e7e8d8b9b744ac3c2a275ee5f4b09bc09d63d6f7546e28,1,DikeDataset
5e7a38f0b3590df5e5476eee02ca0bfe015beedfc1663a85d72d888604fefcc3,1,DikeDataset
5e815f1124d3279bf4d593ecdf73f4d8e7cabc26e7dbf1148a5f3ed529531827,1,DikeDataset
5e83b73dc8eb0cf1ec380e703432609137fb07779a662a32c8f9c85087780a4a,1,DikeDataset
5e87e24e81c8389594353639f3fe59b2ac4d5d1360a316f41c7b4edb7bb56f47,1,DikeDataset
5ede50d16c17c209d3c3da477095cfe3d21ecc4d22720c2f8c98540b41bcb2f6,1,DikeDataset
5f435219d06e44d63e9d5b7a234afe3ef384c94fc997b9cbd2f051742d69c790,1,DikeDataset
5fd41a27b02e9e2c90fd4d98aeae32d41cd24d5efe80ec918c7ad7cc2514386f,1,DikeDataset
5fe5d832e53fe8226bba7150afe1f8b70775d7de3b354b638bf49809b120a1be,1,DikeDataset
5fea3241e2e2c3232f3dafa3bf72c9ba0e88df2781f2a742d4369813f99ce952,1,DikeDataset
6a60926626497bca4820e7841e257c5db09764c030e2f57b13124b83cd326329,1,DikeDataset
6a79c28a86d7c88e8179cdaba8d357bbb9dab05bea990c026b67a594c2fc3372,1,DikeDataset
6aa04e0e76bfc243beee6d843fddc6689dfdada630dd08ccfc1863db3d8e3540,1,DikeDataset
6adaf93fda108331512c279e967f55379586948ebbc3dab4746e3d13d4736d97,1,DikeDataset
6ae58e05e226ed3476b1c3d8463dd49c7ab0aee54164f69b491780c7b4ac59a4,1,DikeDataset
6b4ee9dafe4b1b93c2a9222d39ee50cccf593c776957356031a922fb39a3c2ba,1,DikeDataset
6b8bac4f5ebde2f753eb93bc91b3b2619e8f0b0a74521d16f4ebebae0b2e102b,1,DikeDataset
6b8d1a1f785c103e2d75702c22491d1b3942878bcba7965c9f6b2ec46440726d,1,DikeDataset
6b9131d94ed31f838b1820ee67f068c4741b69d5c655587c89c9477986bd270f,1,DikeDataset
6b9bdfdedb8dbda0f5c6bace22ea29010eceb6d4f8b3dbeea4949f43f6740cd8,1,DikeDataset
6b9fd5fd1fccd516aa8034ce8c1ec62ac7470f8b77b06b23c7fea2421f254ef7,1,DikeDataset
6bb70e81edc34e15d9798b317300d7758042db033a91efd7a40efa5e45a3cfa5,1,DikeDataset
6bc1eff62faa5b54d178f25b0d5e4942ae310aa92feee3d2d99a8001b04e57db,1,DikeDataset
6bf6ce66b3cf86b96f4764a7908154290ca9f14915508da83d1676f14f54d097,1,DikeDataset
6c29fa22f01232ee015ac027338ce7b69745844fae51d7cde0916acd371f3bfc,1,DikeDataset
6caffa7c8e508569c7855512c7b36e00df52d13779572dc939e3f39a4948eca3,1,DikeDataset
6cbeb1e7555db4f22329195f26b455c475b79ece4b4b9566b94f91a94cb5a0d1,1,DikeDataset
6cc0bfebc5c343dfc1d453cba78fbfc08a09de0a00f2fe9c86c0eca9817a62df,1,DikeDataset
6dba2e48aacc9b2977159dd63f2d460cdf5781fec590e6b4fac04f6ace12f868,1,DikeDataset
6dbf6b578f0642bb6de9f9f9e2e92939c0580bfd0cd275475dbb57fcb1107b61,1,DikeDataset
6df774a7ed523b867cb9bcc2f56d95db134f8f668c5c7dfc6843665ce2e966b9,1,DikeDataset
6e301f788993268ad839c6e8b251d6b0ee14bddbc9a655bb7e4474524a6d8994,1,DikeDataset
b045411185cf418f14f7d61ac8c3570cf96b679a755f7954987326114bb00f99,0,MarauderMap
b0696a0edc3390c39de3f2d38f7baa8bea07cd3d110d4ff2ef72980db7049bd7,0,MarauderMap
b10837c7bba36bdac561f9da3f1c05b04c71f61619e173479eea94e854ed6f4e,0,MarauderMap
b1207b4fd153a2b088858a6395cdb056679d26087a9945ad16aeaf60105c5a05,0,MarauderMap
b1255f269bdab2d9aeee4b86251299ebe23f7cd27e27fff31b9af6be464917f6,0,MarauderMap
b153917e62fcb3a77632d63a28d99abfa2f06447e3a85f525a994e536e4d6383,0,MarauderMap
b155493d37ad923378c44609487c499bc9200a72e87c0f8316aa8c138506e719,0,MarauderMap
b1857e456aae6f391f269fb92b65f841f03d24abe1571a47a0465b6cfd3458e6,0,MarauderMap
b210437ba2412e639961ed4fcfb6e45e3fc3f0f8464d1fb80fa7c1f73e0981db,0,MarauderMap
b2546b7a3afa7cfefd5c8f293103c40de3a318dcc6048ee871fa1cc87851f642,0,MarauderMap
b333618c0b6995890a1efb353c1f7be11d7c0cbc94439def59c8225012b971ca,0,MarauderMap
b3389b6a051f0a7a39c058ff7804bc53aa29794c0285e912f09b4e85f07d24f7,0,MarauderMap
b34597e8e2f03c8fee0285ba048a84aee7cfc44e48e5515d555350865653d155,0,MarauderMap
b3531188d292b04d9818a4140941239efbae539a722599cd837fe2f711c7de0c,0,MarauderMap
b3826d931c17d808b188a31fa3b6bd6e2c19d597ab869813e3ece8a5370e836c,0,MarauderMap
b385497169925ac15bb0d31bc470b67342a59b690e9a60a559c6619484283ec0,0,MarauderMap
b40645d50832c351581425edd68443f12a63ff55b5a68a6f42eab3f646de7c8b,0,MarauderMap
b4101b2c3841f9170a8e841328c97bd78df2c359b0ecf64cb1de53a779b3a4db,0,MarauderMap
b4145c6fa26f8a7297b87af5442881fe2a104e0fce2d17612f43d9e584deda36,0,MarauderMap
b434df13659017af819321209bc1635464ca98f5e359368fe31990d672448de9,0,MarauderMap
b44803eebc58f482a55f1c54756ed038247fec880cfcd613dba53228f9e7e457,0,MarauderMap
b4574c0320f7add1b25419b65c2a9f34be947b5d6293bdeab2d1cb2fc1c17f59,0,MarauderMap
b468ae35e23b5adcf86cae3f559b8469e5e5a45ca20d67d39584164268d550fb,0,MarauderMap
b51857db850ed82bf309d8ce182c9c05ef45c03e590b896d146a8424328e1897,0,MarauderMap
b520a43bc3e8ccf6a18363786f81c59efe8de5a45b8a466a734460f5aaea95ca,0,MarauderMap
b5478785be41c092ae5c5dfdb4f865c411a34edfd515a326e238814bc0bb5ef0,0,MarauderMap
b556c843ea508ce92cab29f446940b8b10c7452a3f96c4734c7d6b53eb3d648d,0,MarauderMap
b5591d756594cdac1749d64fee818bac41ca2df3e18cc3ee2c6b076df42de9d2,0,MarauderMap
b569a6a12313a1ee570f4a36cd1d77785135fc5c8e61c76d959cbc6822f8cdfc,0,MarauderMap
b59207fa03dd82b1a9f1d06b0c95da1ba7349b95abe916e8f11739e557eb615f,0,MarauderMap
b599a9bdb4e121334fea70df492280736e9dca82a6c469733460dbd8d2edf7a4,0,MarauderMap
b623d2479e6cb6b0b71bf97678f5ac7520cc100bf99996055463bb69cbd5a26b,0,MarauderMap
b6711ee04b0625f81b765a4ebd8c20ef3aac7876974e906b697fe64262b7f74e,0,MarauderMap
b703289b17b6f2566674eacdbc36e3664735827561cb486ed34a10802e502da7,0,MarauderMap
b731b85c99445074a3bafc49e0e66985a55daa54e89e4706c087386bc2b5a580,0,MarauderMap
b74106127d497d385769ffa820b89c0378e39fdf5cc9181baae49f11797e0de9,0,MarauderMap
b753a5540723a86870b50f4073772d7ae40d5b70863eba1203ecbb433bc658c4,0,MarauderMap
b7794cde065a311660d4ab85d61fdfcfb4594910eba66b0b2e6196939dd2a441,0,MarauderMap
b8101fe096238e64c5b12809d00edaea660eda1bea6f24f6f222bf55a747b3a9,0,MarauderMap
b8208c523c9c2ace501f2c6d77444d16b9f0e2f49162562ee8b1cde244a91391,0,MarauderMap
b847c71cf5d8eca1a986f5d6f88996294ecf7e9657984ebe7c582acba99b1139,0,MarauderMap
b860fd20cfc2b360001ba816179d938704722041b566a836dfd2b0ecee76c1da,0,MarauderMap
b94937049ece8661aeb445e55911dfcc1b765c0d56f8582f3a1e7848e60f1e52,0,MarauderMap
b950d5187300e4b1e959662f5220c612fce2e12c3e2ee0d2659fb374432acf88,0,MarauderMap
b986acbbf90749d11d71907c7e379e50ec6c11954791b33a1e3430adc797f084,0,MarauderMap
b9890bf9b220ffa4bddfb68c3ecb10c115b12e63a74b0fadc6213855dc36824b,0,MarauderMap
ba2d3bbcdcd7a224386f102f429236f746ed092b860f1a169c150491919017a6,0,MarauderMap
ba55e2154b0115c4004c99b90cd97898bcc5c449f084c09884eb5f22f56d58e8,0,MarauderMap
ba6a319722f7c4ed6fa24844cd09f3b017ce5fa7e1c4f24f7528b2af304d9cd0,0,MarauderMap
ba6eee2dc2f37a14421e946c16f1d943f4ee24c68f562d1e9dbc3d8a94a822aa,0,MarauderMap
ba80e94da02cd6f973b005b6268a8415447aa8254f5f578994d5940f2dde942f,0,MarauderMap
ba8b8a0b6299a3472cef6f722928635fc801e1b82873e7bad8467de7d2c5c0f1,0,MarauderMap
BABUK-8203c2f00ecd3ae960cb3247a7d7bfb35e55c38939607c85dbdb5c92f0495fa9,0,MarauderMap
bac4423174706f400b5f64b9a3b2ea6e3c11ac5b8f3544aeb1caa65dc4dd3001,0,MarauderMap
bac44555fbdf32a48c1aaac5a940dc58e4a4459d769ac6899f607f8643596333,0,MarauderMap
bae2893451b984ca7efbbd2757d9707439b4efc99ffbb93a70e0e8dd308bc1cc,0,MarauderMap
bae87764268edc2e0f2cfc1511df7f6a1c5b4737274b15690c0c897411af82fd,0,MarauderMap
baeccbd411e749d9eb2e3379a6439ad5da4df917cddd459104494f9111b38ecc,0,MarauderMap
baee9d6e60ccbb3de1d367765d8c32928976b9180e8c6327e4bfa53f3b759369,0,MarauderMap
bb28b1f9e84528518532dea4a365d2289ce9368e30d69eae24c53ad4a5d9d51f,0,MarauderMap
bb312321f2508dd78fd80a5f27f752ce03c973fe2c61f486d8135b1b2468edc5,0,MarauderMap
bb3a41373e598f1ab59650916e1fcdc47504b821c08e390e4765e7e60c2a4b1a,0,MarauderMap
bb3bd1c434c4342995cb83d5ce3f885ec2feb0b0844b9edeac5f414f7927821a,0,MarauderMap
bb44ea3fc2238673ec1ea7e0976f985cd1b9160f4ae2cc81ba8b9f1445470aa4,0,MarauderMap
bb49a88b79d09eec9839e4951bcd5a69422d0f147483d1a512a8f310a946b2b1,0,MarauderMap
bb5d4c3de55fd09df1bc35885fbbec2bb0b0554ca76dfc63fd36d739e092d1d8,0,MarauderMap
bb89f7bd0d2c134bd44ef479a388d8a1f310d3b6973ff79875a3e9e66b25fe2f,0,MarauderMap
bb8b1d559b0dbef877e129b4ab9ec0a7df0926b771e74fe78460359990e33cf3,0,MarauderMap
bb978a15479afbf71e744195868e4d8e263b17c7c723da35ae4b72257b08da36,0,MarauderMap
bba739297e840885d35417262d5464c1143fa485d60d2f7a14fceeb541e2c990,0,MarauderMap
bba81e47593fbff95584df43c60f28116c98d5f810836dbb4e0d6e706f62ab16,0,MarauderMap
bbc1f7f9b0805bef3cf169eb58ca0aa3715cc532f95fcd5e6bf520d9583c378f,0,MarauderMap
bbcb4b803ff160fa2e3db10522d2affe5f7db6b8ecaeebb70d5a7ef5d3727bf8,0,MarauderMap
bbff141d4c82a85aeb898e7e7e167e54e6f547d1f0fb35c50e7daf601a7e9c95,0,MarauderMap
bc1a1dbdb68066f75e7b6de2a71261b0fda0bc92ad4ddf4b6f33c6411cd9a5e3,0,MarauderMap
bc5cf72e3e1eb142b9e7114479d1b10718ea546ce34760204f324180e89ac973,0,MarauderMap
bc607efd668db40dfc792d6024d086effadc719ce06c02b9f79e97c027415e7a,0,MarauderMap
bc60a3ff601aa5c429c18ceeacd9b8a5bbdfb7b15513564f140326232851bdda,0,MarauderMap
bc6bdd2e6a42a7b2ab1373ee90662832b217bfd1f84213ec87d07c177b9e810c,0,MarauderMap
bc80d6e4785efe5cf67fefcbe71b1417e5287dfc802bd7ce161a8a66b3e5193f,0,MarauderMap
bc8e8db274d21606d91c8d582efc753dd2ed9be534ed7eefa5d7c849c10ccdf8,0,MarauderMap
bcb0a0657ed0d444ce1166c3522a76c0dbd4958009311d0b27f3054771d63f3d,0,MarauderMap
bcb72618d7576b2043099a0a5dbab91c3c9ece8b516648a3bb5dee2b95ceb0dc,0,MarauderMap
bccbe0bcd9a839d764ca8163f7315a53ca92dea3ea82a01fbb7c81bc73891501,0,MarauderMap
bccce157c5025b0f27a538e0bc75511a21fb744d9ec6abc0fd144b00257644f1,0,MarauderMap
bcdd764b88642fad0da23477b691e077ccc9b8e2b461c8fdb646064430e56829,0,MarauderMap
bcea923ab79938bec8cb90acf983c7a8a368cc54fd6acbdb4307fcc83f6963dd,0,MarauderMap
bcee545df028f59dae43566f441117647ef354f5f646a57e6e46cb99a2c74564,0,MarauderMap
bd0a8659e0378de65fd78ef82e1097d2e7f061da16e1e269e32f04dc4cd75612,0,MarauderMap
bd0bec3948c6631b1dc71c0506ac621595bae2ee7d10ac23ac525a1034b76a97,0,MarauderMap
bd277c0b909fe924f8f8c66b7148e404be0fa4f30518e03ecf2004d2ce6de5e4,0,MarauderMap
bd43212de83d886aae54d53a4e8d0c60fa300f8bd06ad8a0eb25741472515ee6,0,MarauderMap
bd4c30bad17b0e1a6328c521039771525b09d2d96b0faa62f19314c3cb56a09d,0,MarauderMap
bd6ba7e112b30264fca21232d3ba990d33d34a053321de5a35c7c668d67ee6e1,0,MarauderMap
bd81acd9268c5eb1a2f01c9829c96fa27a36b34fd864ac2e87522ec496bb1eb0,0,MarauderMap
bda37e1301f1ef1cc66a5488d4d6ea3fe882698e9adc39cc80d9e075a7161426,0,MarauderMap
bdbf5b3ff234c163d02a7b2c30a43c217badb8a6b54b6fcefb72ad78459580ca,0,MarauderMap
bdc15217acdc23836865b2ceffd7855e58a678f50345efee2000d7c2fdf04955,0,MarauderMap
bde58580db82d9f224196b925f6043da724df59ed20901f0006f937238f0ae85,0,MarauderMap
bdecb362504014da041043bef8bf863ddfc7c003a067179b0376872dd4c09d10,0,MarauderMap
be4b339bac333f3fff79bac3620e19d5e89e2314baa1fa43c6a05eb1642ee850,0,MarauderMap
be4d0b45fe6bbad73d2c37cbe24bae564cb39832c20a4113d281fd451b96031f,0,MarauderMap
be5841dbebe19314f2783403f6b6f047376ba797abe028856490c154235b6910,0,MarauderMap
be66ffc64b1a7320ded1e06dbd8be45c08d29b7dbd03bd65931a396c804f7eae,0,MarauderMap
beafd3538fe0adcaa0b454c93578b9a89b5fe91cc531ed4c4830c4abfadca7e2,0,MarauderMap
beb014c4821e4542303a94a9c9f98624b893a49bff090791a009fae984ebf07a,0,MarauderMap
becb7c4424fa71799c015d6cfcb0fba9d6022bf3bba3b8daf328b9807ddce207,0,MarauderMap
bedd5d7556e5011c5c34e5d71ef29dbf8c84abe6c6975260fdd9c7aecafd9d93,0,MarauderMap
bf118ea9ef83312c55581c93101bfb838d581168e35badc1f9e0915abb8918e1,0,MarauderMap
bf21de7ca42cf8b1d45aedff0710c74c39a2beb8cfd3651b056e7d989b6d84fd,0,MarauderMap
bf2328faa13ab92a3027a061d90cf14ed6b318cfa822f946c0e8627daf8405a3,0,MarauderMap
bf30df4706bf74849d13f73d683259a6ea15710dba6c811746fb23c479e9b74c,0,MarauderMap
bf31677ef227d820264aa362118fc809f259dee4017a5d0fe7f2cd353c2829a8,0,MarauderMap
bf3890cb434fd672b8b89f12c85c552a849d90e1fb8b236f09b0966a54243045,0,MarauderMap
bf400efd8e623a818fb35aef7562d750d5da55cd07ba24048563e09840aad444,0,MarauderMap
bf428ce04e604a3fbf6af91ae79123fd7283b009f3f981d08a11853cfa999f92,0,MarauderMap
bf58be75760cf0f044285404348a78f612f3dd33d077ab4e131fed08f7ad8054,0,MarauderMap
bf85b97adecb82e7eb18653ae73595f31418f4615b1b6f686d352b41de100cde,0,MarauderMap
bfdf0ae418f23209fcfcdda6c3b1ba4d1b8892e5b7aa4d447f46ab016b9a905e,0,MarauderMap
bffbf10bdcdb35a0635f2dc0303835e0b4e8afdc808a4132b118430659a27916,0,MarauderMap
c015031fd282fd8dde059de68144dd9907851e5c2a9f90b53c95631ceb61b05a,0,MarauderMap
c095ca5d7a74ddbeca306ac0d78d567d027b736246587850c0bf2f32a10dc5da,0,MarauderMap
c096eb2dab56c721f3b181725e696139072b8b34e32fd791d15139de99a849c3,0,MarauderMap
c0a42741eef72991d9d0ee8b6c0531fc19151457a8b59bdcf7b6373d1fe56e02,0,MarauderMap
c0ccd166461e252d8349809477ff1f1a47fec787a2cecc70847582eb134b1457,0,MarauderMap
c110993c1c0ed56847fbabdcbb19de938556cf571c8632abda6f576b71e3bf2f,0,MarauderMap
c12584f8a27af09566b1335aee14b78305c3966504d5881196ed01851699289c,0,MarauderMap
c127977f502373e5f4b01dabfdf2fbd4799ee19f7ea7dae25f22baafd581dd91,0,MarauderMap
c130601224532dca501b9ed66c06539a1694500c3bb69df74adfe46c3333d7e6,0,MarauderMap
c1334782fae59ce35c0b2d0f4632b3b3416290c6e1a5cdf1fcc3632750903e2b,0,MarauderMap
c140c53333402db86e6883d88775b8fe143bc4f24c4fa781f1ab945d30d635d0,0,MarauderMap
c1514b855d6f0bb0c40c3d132abf6f0cc4610b5c7bbb3faed3fdf44ddf5f8d38,0,MarauderMap
c160e69efbdbfa51ad5c9fd4eb72ad9666f7569f7a966b18a79b3e1c93bca09c,0,MarauderMap
c170b2b0234fd5c52d649024d5837697a568e417053d5a2f53d267265f42eb13,0,MarauderMap
c1771a1dc39fd8568a4f4f567bd50374d555e3058c54a11cb8ad83ed7bd083e3,0,MarauderMap
c18c5e1dce3d6f9cb35c49066f5b7b7a2456e90c971a78f85b13fc738d531076,0,MarauderMap
c192fb66bda68907dbf7aaa4cf1ba023720addf11727b119246c699209fe13e8,0,MarauderMap
c194080464fac8a3fa5617bf0c28ef77e9afc6b49f4eea1baae394164d6cb753,0,MarauderMap
c199cde36b1bee25c4ed3f9497de0b2927c05034e22c6d04d635ef25cb113108,0,MarauderMap
c1a0c8284177cebccfb9c351f3f97a830a10fec00fc05019200c23d2ae3acb95,0,MarauderMap
c1a6d6cd9f8b25278de0249724e93c73073f7747cfb688fb8a4584b26f67d291,0,MarauderMap
c1ade8436a942401669d731547cf2777a4707a734d6442413a12c3edf295ffad,0,MarauderMap
c1b46b97f7f4cb3ed0ff92dfbbc714e4b2ef4c30cf7a0dcdd34cd2ba4a973814,0,MarauderMap
c1bc1ed734147731398470a158a43163574fed45884e5474764d4f1a8e5f39b0,0,MarauderMap
c1c9b0eba3285655c308ed3dac06d062f1ab353920f4ea820ac4f7f901cd35d3,0,MarauderMap
c1dfd3e33c27921a439dd6240cb96712f3c2aa78f8372a1be8d3293079554e60,0,MarauderMap
c1f2fe61d2ca2b32f6691d78c844817f6890e35aecc24df0ff26b11a220d8523,0,MarauderMap
c202619e1cd976f23fe7b29e8a7e8226614bf98ac3cf3c7956f2fb6de4e0b5f2,0,MarauderMap
c2085bcb23daf6c0c1a1635746faf5bed19f45ee4eededfd21e706dd0f2fd786,0,MarauderMap
c215a9c8dcaccf4ff927a8ea492262b3948698e235b7039dcc5bda8227228ed5,0,MarauderMap
c218408f206db922664f733f38ce9fc39be4b79d6f7dfaa47cf19f143d774980,0,MarauderMap
c21ee7a275769583d35dfd99770f12933759cc0decb42b0441a784b71b9455d0,0,MarauderMap
c2498845ed4b287fd0f95528926c8ee620ef0cbb5b27865b2007d6379ffe4323,0,MarauderMap
c253cb3e5e093a489ff6e9aef32ecee9749de8a7813e48d43f6b00724e232e37,0,MarauderMap
c25f5563c88cfb740530191a9048b69b140d8514b550cc3e3aa7f48b65965e4e,0,MarauderMap
c2693ab1d5911cc9de5283abeb274dbab229e2b94666836f82d50874408d8e64,0,MarauderMap
c28498d303ff7651dd0c7411bb78180cdfc3f3277708b7153cf528f0588ce65d,0,MarauderMap
c29a4de348228e9335a80c1f96c3eacb08428d1312c3b490481d50e74501c968,0,MarauderMap
c2da1d465a1ed69508624bd5ca9fc3a906206b3889b378457f6fceb25d89505d,0,MarauderMap
c2db79065dc4dcf6e65aab97e513968ad245de76dd83b2a3132172618dd95c20,0,MarauderMap
c2ed3effc33cb4b9f68e5d8f651ac98b675f65d9d9598c24ab5c8e9d02431190,0,MarauderMap
c2fc2b9e0d877348eaa06ae80e408c6f02187a388669dc4f9183f65f09fa4c38,0,MarauderMap
c30c735b26a6d448e09ef98cc8b43ffe027ab47885e1e8acb743f0701c6374aa,0,MarauderMap
c30fec84f24d1ead9e75e6f68b5ad418a15f2755252a021b43940b4ebf720d9e,0,MarauderMap
c31ad0f8f4e4e71e276970e992f6e9bff69ce02893063dbb517f12fb609f9b75,0,MarauderMap
c32ede5abc8cefb4b848310c660ff8b5a66bc3277a880b22c4e8df403b30ab33,0,MarauderMap
c33d406465b62bb339b9a1e6ca2a3d1585a88f6463ea0d10b2040c8462118c61,0,MarauderMap
c368ffd4af94f5f4482a8326332927b4e4d45c2b12bd274199432eedbaa704e5,0,MarauderMap
c3735ece4b579c6fedcd263504f1d6ca2b220e51a07f6c53810331a3699fc80e,0,MarauderMap
c3756cb4d4d43b3196b1e7a9445fe0c7316fe5a6b0a33a657c5e2d325e113bf5,0,MarauderMap
c37852f1c3a89a18b3be9e6ec585baa6e7a81067211949f0044931f3a3d2c09e,0,MarauderMap
c39edec05ec72d5db4737fd35f080bdb591d21d728adb32e7dffef831739f6a2,0,MarauderMap
c3a2a6d80188be8b112989be5ff6093ac5f9bbdfa405308a7f5fbfcc67fd5be0,0,MarauderMap
c3aaac35942a608bf971ccc5c0e33c3bad089c8b43a913fb3e6c306bb6e444a4,0,MarauderMap
c3b26f58ed33bb2765ba64481aa98d101bca4b01b0cf9db82fffd93b4df9345c,0,MarauderMap
c3cabc25212e61a9c55629f3ac6c7fb04a9c2c3e919c2f5b2624bd26d51a4d1c,0,MarauderMap
c3db4c1d21af7a0018a58e2559ccc3b658217dfd5adcdf8b19da7b041ef91eb4,0,MarauderMap
c3f61dde0036faecc8298ad833b5deb2c240df3297705f766ef884bd7ccc29f7,0,MarauderMap
c3fcd949d5ca348b724fccb88ad5e7bed40c3214fd08436a87213796f2aa09d1,0,MarauderMap
c40ff5b8e0efa1fd0a4c9f30078e3b370f12d91f03e048b5794d0115f17beaa9,0,MarauderMap
c42ed61de2ee02ccfafe3acf591692ad0800fbc35b2ffd68e46d65d81f0327b5,0,MarauderMap
c452f04aa128b556a4502f85588727f6d4c0d42cfdc31889351993c3e3d32a3d,0,MarauderMap
c45a73b2cd9e7b9cdfd6bc1a5098e3362952e7197bfbc3d3ccb77d50eb710fcf,0,MarauderMap
c46a17e5a01d49ed4fcf704da21ee5df8104849c2ff2ed54fdb9624f6628fc2c,0,MarauderMap
c47a334ef02c0a042ef0bc38d283d973ae2f6369772dbb4dae92fae6fc334b4c,0,MarauderMap
c47bd25bdf8d5e0c2bf4607358d49296ea79806158c83a1596fb40f8f13b5edc,0,MarauderMap
c4a8b3e51bcc3a25dd088df5f30f9f1702033c108b8f24e74bf59c4010380319,0,MarauderMap
c4cd901e7992c9e8c6a371b5a59b62c5ee249a96ba258cdb5de467f1c1c3a0ed,0,MarauderMap
c4e2e27f9a4811af9e2007cd6e8a35cbd000eb3c9b4135ede081dcb774622b04,0,MarauderMap
c543e20a0f9b196b2fcbe5c3f243191c656a81d22bf8075fa396bece4968caff,0,MarauderMap
c54433714c296881e0163aa2538e9809e1ef44d8a6a2dca28589529275f8244a,0,MarauderMap
c578afe7016962eac244a3a50ad456e4dda4a66c419d13fc6ce8dbf4e8344584,0,MarauderMap
c57aea94d6f389c129d968f922e86fa8525c0bc8f12b1ce353b912d5b5fea1fb,0,MarauderMap
c5aa90152840eabe0244a44c6871dd471d01066fe81df524dc328e7bd4b6c0f7,0,MarauderMap
c5c39bf805c5e5865de58dab1c4b29de415955227285864b3a2f2b8b0cdb7a65,0,MarauderMap
c5d5c559f621cd6b720923b8df8b111d47b95173e8251eb356a28e7cb740e163,0,MarauderMap
c5e42db579c317acf533e15cf9b355cbf68c836c08d151ebe10938e1e228f6af,0,MarauderMap
c5f6ef56acb04d78680165a983d69903f3ff362315365e7677788bb073e2504c,0,MarauderMap
c5fdaf498122a8c3a51e9f3fef2d7a192720c4684fe3efe14503dcb72eb91417,0,MarauderMap
c610a278bc0a7ba7d4354f9586fb84f820969ca39db025166a7d2f5c1e53fa0b,0,MarauderMap
c63567f842f5c94bbd9e2acea34ff6b8553d3607da3f0021873206a2fbb753cf,0,MarauderMap
c640c309229a12ce641b47efcfb0f937b4b669cc4575d82a86fecf83d4890f17,0,MarauderMap
c6777985eb05c940064cb32f7b0d2eadc8144824ae959156d013ce72ec405c7a,0,MarauderMap
c6825fc3fbfaa279fd4fae006fd614c6366dd4a95e81155d35d9b46690aa7d6e,0,MarauderMap
c6893ce090ba5e3f4507de16f0d1213222a5e19a7ebb51bda3eea4dfc55baece,0,MarauderMap
c6a54b5a7098369c8fc6fa3676094b8049113ccae5e446670efd4f18f6873ecf,0,MarauderMap
c6a77797bc1171f6a8a4a741b220b3b3d6b58fa351c18d7aed3c3959c8d5569d,0,MarauderMap
c6aaf6a15782be32b78768a1db0602a8eec7e621a96fc7edcc053a005adc69c9,0,MarauderMap
c6b062d88a1646813a1dfec8598a07597eb2d670b531a2d48c15852c9b11438b,0,MarauderMap
c6b38a019c340f10c42b0491e9a1f4936907a960fcc35a4fa321b17faaef8a10,0,MarauderMap
c6d88d96b4a9addae73ac9ecf54e03a26c47b73bfcead8b6c18acdb7b5b78b0f,0,MarauderMap
c6ec32649607b395fcd4b391f5852f7310705c4bd059b238e6e5a947b42c1596,0,MarauderMap
c6f35ed9fb5f5c73d0e0f462afaa2f1d9d8d37dbae9943d0d8370edef808f5f0,0,MarauderMap
c6fd8bd849cc8825303c62e151c52decb2f62ef6141f2efef8d24f3d63f8e60b,0,MarauderMap
c71a85f0e406f8dd8dd77e0138719a181a24f221242dc38cfac06754a3c72e78,0,MarauderMap
c71e425141736d2c74ec372e5cd70acb7d064c50d6eba9b2b395f374b34f979b,0,MarauderMap
c72217c6eafdef45af9b92308568b13838c568fadc165f59d15485e229b67314,0,MarauderMap
c72da246b862ec34ce1ef1c60751b5428547b7067892d03aeaa7d0de2bd009e3,0,MarauderMap
c72fe17a98845da2f6dfd14beeb3e5dc1b62824de4c72fdfa8bf9b0ac6a1199a,0,MarauderMap
c7310adbad602695f9af880b3c4fd8e73580c426a6ab77bb1f518eff1a7c1917,0,MarauderMap
